id,prediction
205_0_592,0
205_16_592,0
205_32_592,0
205_48_592,0
205_64_592,0
205_80_592,0
205_96_592,0
205_112_592,0
205_128_592,0
205_144_592,0
205_160_592,0
205_176_592,0
205_192_592,0
205_208_592,0
205_224_592,0
205_240_592,0
205_256_592,0
205_272_592,0
205_288_592,0
205_304_592,0
205_320_592,0
205_336_592,0
205_352_592,0
205_368_592,0
205_384_592,0
205_400_592,0
205_416_592,0
205_432_592,0
205_448_592,0
205_464_592,0
205_480_592,0
205_496_592,0
205_512_592,0
205_528_592,0
205_544_592,0
205_560_592,0
205_576_592,0
205_592_592,0
211_0_592,0
211_16_592,0
211_32_592,0
211_48_592,0
211_64_592,0
211_80_592,0
211_96_592,0
211_112_592,0
211_128_592,0
211_144_592,0
211_160_592,0
211_176_592,0
211_192_592,0
211_208_592,0
211_224_592,0
211_240_592,0
211_256_592,0
211_272_592,0
211_288_592,0
211_304_592,0
211_320_592,0
211_336_592,0
211_352_592,0
211_368_592,0
211_384_592,0
211_400_592,0
211_416_592,0
211_432_592,0
211_448_592,0
211_464_592,0
211_480_592,0
211_496_592,0
211_512_592,0
211_528_592,0
211_544_592,0
211_560_592,0
211_576_592,0
211_592_592,0
014_0_592,0
014_16_592,0
014_32_592,0
014_48_592,0
014_64_592,0
014_80_592,0
014_96_592,0
014_112_592,0
014_128_592,0
014_144_592,0
014_160_592,0
014_176_592,0
014_192_592,0
014_208_592,0
014_224_592,0
014_240_592,0
014_256_592,0
014_272_592,0
014_288_592,0
014_304_592,0
014_320_592,0
014_336_592,0
014_352_592,0
014_368_592,0
014_384_592,0
014_400_592,0
014_416_592,0
014_432_592,0
014_448_592,0
014_464_592,0
014_480_592,0
014_496_592,0
014_512_592,0
014_528_592,0
014_544_592,0
014_560_592,0
014_576_592,0
014_592_592,0
029_0_592,0
029_16_592,0
029_32_592,0
029_48_592,0
029_64_592,0
029_80_592,0
029_96_592,0
029_112_592,0
029_128_592,0
029_144_592,0
029_160_592,0
029_176_592,0
029_192_592,0
029_208_592,0
029_224_592,0
029_240_592,0
029_256_592,0
029_272_592,0
029_288_592,0
029_304_592,0
029_320_592,0
029_336_592,0
029_352_592,0
029_368_592,0
029_384_592,0
029_400_592,0
029_416_592,0
029_432_592,0
029_448_592,0
029_464_592,0
029_480_592,0
029_496_592,0
029_512_592,0
029_528_592,0
029_544_592,0
029_560_592,0
029_576_592,0
029_592_592,0
015_0_592,0
015_16_592,0
015_32_592,0
015_48_592,0
015_64_592,0
015_80_592,0
015_96_592,0
015_112_592,0
015_128_592,0
015_144_592,0
015_160_592,0
015_176_592,0
015_192_592,0
015_208_592,0
015_224_592,0
015_240_592,0
015_256_592,0
015_272_592,0
015_288_592,0
015_304_592,0
015_320_592,0
015_336_592,0
015_352_592,0
015_368_592,0
015_384_592,0
015_400_592,0
015_416_592,0
015_432_592,0
015_448_592,0
015_464_592,0
015_480_592,0
015_496_592,0
015_512_592,0
015_528_592,0
015_544_592,0
015_560_592,0
015_576_592,0
015_592_592,0
204_0_592,0
204_16_592,0
204_32_592,0
204_48_592,0
204_64_592,0
204_80_592,0
204_96_592,0
204_112_592,0
204_128_592,0
204_144_592,0
204_160_592,0
204_176_592,0
204_192_592,0
204_208_592,0
204_224_592,0
204_240_592,0
204_256_592,0
204_272_592,0
204_288_592,0
204_304_592,0
204_320_592,0
204_336_592,0
204_352_592,0
204_368_592,0
204_384_592,0
204_400_592,0
204_416_592,0
204_432_592,0
204_448_592,0
204_464_592,0
204_480_592,0
204_496_592,0
204_512_592,0
204_528_592,0
204_544_592,0
204_560_592,0
204_576_592,0
204_592_592,0
009_0_592,0
009_16_592,0
009_32_592,0
009_48_592,0
009_64_592,0
009_80_592,0
009_96_592,0
009_112_592,0
009_128_592,0
009_144_592,0
009_160_592,0
009_176_592,0
009_192_592,0
009_208_592,0
009_224_592,0
009_240_592,0
009_256_592,0
009_272_592,0
009_288_592,0
009_304_592,0
009_320_592,0
009_336_592,0
009_352_592,0
009_368_592,0
009_384_592,0
009_400_592,0
009_416_592,0
009_432_592,0
009_448_592,0
009_464_592,0
009_480_592,0
009_496_592,0
009_512_592,0
009_528_592,0
009_544_592,0
009_560_592,0
009_576_592,0
009_592_592,0
206_0_592,0
206_16_592,0
206_32_592,0
206_48_592,0
206_64_592,0
206_80_592,0
206_96_592,0
206_112_592,0
206_128_592,0
206_144_592,0
206_160_592,0
206_176_592,0
206_192_592,0
206_208_592,0
206_224_592,0
206_240_592,0
206_256_592,0
206_272_592,0
206_288_592,0
206_304_592,0
206_320_592,0
206_336_592,0
206_352_592,0
206_368_592,0
206_384_592,0
206_400_592,0
206_416_592,0
206_432_592,0
206_448_592,0
206_464_592,0
206_480_592,0
206_496_592,0
206_512_592,0
206_528_592,0
206_544_592,0
206_560_592,0
206_576_592,0
206_592_592,0
170_0_592,0
170_16_592,0
170_32_592,0
170_48_592,0
170_64_592,0
170_80_592,0
170_96_592,0
170_112_592,0
170_128_592,0
170_144_592,0
170_160_592,0
170_176_592,0
170_192_592,0
170_208_592,0
170_224_592,0
170_240_592,0
170_256_592,0
170_272_592,0
170_288_592,0
170_304_592,0
170_320_592,0
170_336_592,0
170_352_592,0
170_368_592,0
170_384_592,0
170_400_592,0
170_416_592,0
170_432_592,0
170_448_592,0
170_464_592,0
170_480_592,0
170_496_592,0
170_512_592,0
170_528_592,0
170_544_592,0
170_560_592,0
170_576_592,0
170_592_592,0
159_0_592,0
159_16_592,0
159_32_592,0
159_48_592,0
159_64_592,0
159_80_592,0
159_96_592,0
159_112_592,0
159_128_592,0
159_144_592,0
159_160_592,0
159_176_592,0
159_192_592,0
159_208_592,0
159_224_592,0
159_240_592,0
159_256_592,0
159_272_592,0
159_288_592,0
159_304_592,0
159_320_592,0
159_336_592,0
159_352_592,0
159_368_592,0
159_384_592,0
159_400_592,0
159_416_592,0
159_432_592,0
159_448_592,0
159_464_592,0
159_480_592,0
159_496_592,0
159_512_592,0
159_528_592,0
159_544_592,0
159_560_592,0
159_576_592,0
159_592_592,0
207_0_592,0
207_16_592,0
207_32_592,0
207_48_592,0
207_64_592,0
207_80_592,0
207_96_592,0
207_112_592,0
207_128_592,0
207_144_592,0
207_160_592,0
207_176_592,0
207_192_592,0
207_208_592,0
207_224_592,0
207_240_592,0
207_256_592,0
207_272_592,0
207_288_592,0
207_304_592,0
207_320_592,0
207_336_592,0
207_352_592,0
207_368_592,0
207_384_592,0
207_400_592,0
207_416_592,0
207_432_592,0
207_448_592,0
207_464_592,0
207_480_592,0
207_496_592,0
207_512_592,0
207_528_592,0
207_544_592,0
207_560_592,0
207_576_592,0
207_592_592,0
008_0_592,0
008_16_592,0
008_32_592,0
008_48_592,0
008_64_592,0
008_80_592,0
008_96_592,0
008_112_592,0
008_128_592,0
008_144_592,0
008_160_592,0
008_176_592,0
008_192_592,0
008_208_592,0
008_224_592,0
008_240_592,0
008_256_592,0
008_272_592,0
008_288_592,0
008_304_592,0
008_320_592,0
008_336_592,0
008_352_592,0
008_368_592,0
008_384_592,0
008_400_592,0
008_416_592,0
008_432_592,0
008_448_592,0
008_464_592,0
008_480_592,0
008_496_592,0
008_512_592,0
008_528_592,0
008_544_592,0
008_560_592,0
008_576_592,0
008_592_592,0
161_0_592,0
161_16_592,0
161_32_592,0
161_48_592,0
161_64_592,0
161_80_592,0
161_96_592,0
161_112_592,0
161_128_592,0
161_144_592,0
161_160_592,0
161_176_592,0
161_192_592,0
161_208_592,0
161_224_592,0
161_240_592,0
161_256_592,0
161_272_592,0
161_288_592,0
161_304_592,0
161_320_592,0
161_336_592,0
161_352_592,0
161_368_592,0
161_384_592,0
161_400_592,0
161_416_592,0
161_432_592,0
161_448_592,0
161_464_592,0
161_480_592,0
161_496_592,0
161_512_592,0
161_528_592,0
161_544_592,0
161_560_592,0
161_576_592,0
161_592_592,0
175_0_592,0
175_16_592,0
175_32_592,0
175_48_592,0
175_64_592,0
175_80_592,0
175_96_592,0
175_112_592,0
175_128_592,0
175_144_592,0
175_160_592,0
175_176_592,0
175_192_592,0
175_208_592,0
175_224_592,0
175_240_592,0
175_256_592,0
175_272_592,0
175_288_592,0
175_304_592,0
175_320_592,0
175_336_592,0
175_352_592,0
175_368_592,0
175_384_592,0
175_400_592,0
175_416_592,0
175_432_592,0
175_448_592,0
175_464_592,0
175_480_592,0
175_496_592,0
175_512_592,0
175_528_592,0
175_544_592,0
175_560_592,0
175_576_592,0
175_592_592,0
012_0_592,0
012_16_592,0
012_32_592,0
012_48_592,0
012_64_592,0
012_80_592,0
012_96_592,0
012_112_592,0
012_128_592,0
012_144_592,0
012_160_592,0
012_176_592,0
012_192_592,0
012_208_592,0
012_224_592,0
012_240_592,0
012_256_592,0
012_272_592,0
012_288_592,0
012_304_592,0
012_320_592,0
012_336_592,0
012_352_592,0
012_368_592,0
012_384_592,0
012_400_592,0
012_416_592,0
012_432_592,0
012_448_592,0
012_464_592,0
012_480_592,0
012_496_592,0
012_512_592,0
012_528_592,0
012_544_592,0
012_560_592,0
012_576_592,0
012_592_592,0
174_0_592,0
174_16_592,0
174_32_592,0
174_48_592,0
174_64_592,0
174_80_592,0
174_96_592,0
174_112_592,0
174_128_592,0
174_144_592,0
174_160_592,0
174_176_592,0
174_192_592,0
174_208_592,0
174_224_592,0
174_240_592,0
174_256_592,0
174_272_592,0
174_288_592,0
174_304_592,0
174_320_592,0
174_336_592,0
174_352_592,0
174_368_592,0
174_384_592,0
174_400_592,0
174_416_592,0
174_432_592,0
174_448_592,0
174_464_592,0
174_480_592,0
174_496_592,0
174_512_592,0
174_528_592,0
174_544_592,0
174_560_592,0
174_576_592,0
174_592_592,0
202_0_592,0
202_16_592,0
202_32_592,0
202_48_592,0
202_64_592,0
202_80_592,0
202_96_592,0
202_112_592,0
202_128_592,0
202_144_592,0
202_160_592,0
202_176_592,0
202_192_592,0
202_208_592,0
202_224_592,0
202_240_592,0
202_256_592,0
202_272_592,0
202_288_592,0
202_304_592,0
202_320_592,0
202_336_592,0
202_352_592,0
202_368_592,0
202_384_592,0
202_400_592,0
202_416_592,0
202_432_592,0
202_448_592,0
202_464_592,0
202_480_592,0
202_496_592,0
202_512_592,0
202_528_592,0
202_544_592,0
202_560_592,0
202_576_592,0
202_592_592,0
216_0_592,0
216_16_592,0
216_32_592,0
216_48_592,0
216_64_592,0
216_80_592,0
216_96_592,0
216_112_592,0
216_128_592,0
216_144_592,0
216_160_592,0
216_176_592,0
216_192_592,0
216_208_592,0
216_224_592,0
216_240_592,0
216_256_592,0
216_272_592,0
216_288_592,0
216_304_592,0
216_320_592,0
216_336_592,0
216_352_592,0
216_368_592,0
216_384_592,0
216_400_592,0
216_416_592,0
216_432_592,0
216_448_592,0
216_464_592,0
216_480_592,0
216_496_592,0
216_512_592,0
216_528_592,0
216_544_592,0
216_560_592,0
216_576_592,0
216_592_592,0
200_0_592,0
200_16_592,0
200_32_592,0
200_48_592,0
200_64_592,0
200_80_592,0
200_96_592,0
200_112_592,0
200_128_592,0
200_144_592,0
200_160_592,0
200_176_592,0
200_192_592,0
200_208_592,0
200_224_592,0
200_240_592,0
200_256_592,0
200_272_592,0
200_288_592,0
200_304_592,0
200_320_592,0
200_336_592,0
200_352_592,0
200_368_592,0
200_384_592,0
200_400_592,0
200_416_592,0
200_432_592,0
200_448_592,0
200_464_592,0
200_480_592,0
200_496_592,0
200_512_592,0
200_528_592,0
200_544_592,0
200_560_592,0
200_576_592,0
200_592_592,0
176_0_592,0
176_16_592,0
176_32_592,0
176_48_592,0
176_64_592,0
176_80_592,0
176_96_592,0
176_112_592,0
176_128_592,0
176_144_592,0
176_160_592,0
176_176_592,0
176_192_592,0
176_208_592,0
176_224_592,0
176_240_592,0
176_256_592,0
176_272_592,0
176_288_592,0
176_304_592,0
176_320_592,0
176_336_592,0
176_352_592,0
176_368_592,0
176_384_592,0
176_400_592,0
176_416_592,0
176_432_592,0
176_448_592,0
176_464_592,0
176_480_592,0
176_496_592,0
176_512_592,0
176_528_592,0
176_544_592,0
176_560_592,0
176_576_592,0
176_592_592,0
162_0_592,0
162_16_592,0
162_32_592,0
162_48_592,0
162_64_592,0
162_80_592,0
162_96_592,0
162_112_592,0
162_128_592,0
162_144_592,0
162_160_592,0
162_176_592,0
162_192_592,0
162_208_592,0
162_224_592,0
162_240_592,0
162_256_592,0
162_272_592,0
162_288_592,0
162_304_592,0
162_320_592,0
162_336_592,0
162_352_592,0
162_368_592,0
162_384_592,0
162_400_592,0
162_416_592,0
162_432_592,0
162_448_592,0
162_464_592,0
162_480_592,0
162_496_592,0
162_512_592,0
162_528_592,0
162_544_592,0
162_560_592,0
162_576_592,0
162_592_592,0
011_0_592,0
011_16_592,0
011_32_592,0
011_48_592,0
011_64_592,0
011_80_592,0
011_96_592,0
011_112_592,0
011_128_592,0
011_144_592,0
011_160_592,0
011_176_592,0
011_192_592,0
011_208_592,0
011_224_592,0
011_240_592,0
011_256_592,0
011_272_592,0
011_288_592,0
011_304_592,0
011_320_592,0
011_336_592,0
011_352_592,0
011_368_592,0
011_384_592,0
011_400_592,0
011_416_592,0
011_432_592,0
011_448_592,0
011_464_592,0
011_480_592,0
011_496_592,0
011_512_592,0
011_528_592,0
011_544_592,0
011_560_592,0
011_576_592,0
011_592_592,0
189_0_592,0
189_16_592,0
189_32_592,0
189_48_592,0
189_64_592,0
189_80_592,0
189_96_592,0
189_112_592,0
189_128_592,0
189_144_592,0
189_160_592,0
189_176_592,0
189_192_592,0
189_208_592,0
189_224_592,0
189_240_592,0
189_256_592,0
189_272_592,0
189_288_592,0
189_304_592,0
189_320_592,0
189_336_592,0
189_352_592,0
189_368_592,0
189_384_592,0
189_400_592,0
189_416_592,0
189_432_592,0
189_448_592,0
189_464_592,0
189_480_592,0
189_496_592,0
189_512_592,0
189_528_592,0
189_544_592,0
189_560_592,0
189_576_592,0
189_592_592,0
010_0_592,0
010_16_592,0
010_32_592,0
010_48_592,0
010_64_592,0
010_80_592,0
010_96_592,0
010_112_592,0
010_128_592,0
010_144_592,0
010_160_592,0
010_176_592,0
010_192_592,0
010_208_592,0
010_224_592,0
010_240_592,0
010_256_592,0
010_272_592,0
010_288_592,0
010_304_592,0
010_320_592,0
010_336_592,0
010_352_592,0
010_368_592,0
010_384_592,0
010_400_592,0
010_416_592,0
010_432_592,0
010_448_592,0
010_464_592,0
010_480_592,0
010_496_592,0
010_512_592,0
010_528_592,0
010_544_592,0
010_560_592,0
010_576_592,0
010_592_592,0
177_0_592,0
177_16_592,0
177_32_592,0
177_48_592,0
177_64_592,0
177_80_592,0
177_96_592,0
177_112_592,0
177_128_592,0
177_144_592,0
177_160_592,0
177_176_592,0
177_192_592,0
177_208_592,0
177_224_592,0
177_240_592,0
177_256_592,0
177_272_592,0
177_288_592,0
177_304_592,0
177_320_592,0
177_336_592,0
177_352_592,0
177_368_592,0
177_384_592,0
177_400_592,0
177_416_592,0
177_432_592,0
177_448_592,0
177_464_592,0
177_480_592,0
177_496_592,0
177_512_592,0
177_528_592,0
177_544_592,0
177_560_592,0
177_576_592,0
177_592_592,0
215_0_592,0
215_16_592,0
215_32_592,0
215_48_592,0
215_64_592,0
215_80_592,0
215_96_592,0
215_112_592,0
215_128_592,0
215_144_592,0
215_160_592,0
215_176_592,0
215_192_592,0
215_208_592,0
215_224_592,0
215_240_592,0
215_256_592,0
215_272_592,0
215_288_592,0
215_304_592,0
215_320_592,0
215_336_592,0
215_352_592,0
215_368_592,0
215_384_592,0
215_400_592,0
215_416_592,0
215_432_592,0
215_448_592,0
215_464_592,0
215_480_592,0
215_496_592,0
215_512_592,0
215_528_592,0
215_544_592,0
215_560_592,0
215_576_592,0
215_592_592,0
201_0_592,0
201_16_592,0
201_32_592,0
201_48_592,0
201_64_592,0
201_80_592,0
201_96_592,0
201_112_592,0
201_128_592,0
201_144_592,0
201_160_592,0
201_176_592,0
201_192_592,0
201_208_592,0
201_224_592,0
201_240_592,0
201_256_592,0
201_272_592,0
201_288_592,0
201_304_592,0
201_320_592,0
201_336_592,0
201_352_592,0
201_368_592,0
201_384_592,0
201_400_592,0
201_416_592,0
201_432_592,0
201_448_592,0
201_464_592,0
201_480_592,0
201_496_592,0
201_512_592,0
201_528_592,0
201_544_592,0
201_560_592,0
201_576_592,0
201_592_592,0
138_0_592,0
138_16_592,0
138_32_592,0
138_48_592,0
138_64_592,0
138_80_592,0
138_96_592,0
138_112_592,0
138_128_592,0
138_144_592,0
138_160_592,0
138_176_592,0
138_192_592,0
138_208_592,0
138_224_592,0
138_240_592,0
138_256_592,0
138_272_592,0
138_288_592,0
138_304_592,0
138_320_592,0
138_336_592,0
138_352_592,0
138_368_592,0
138_384_592,0
138_400_592,0
138_416_592,0
138_432_592,0
138_448_592,0
138_464_592,0
138_480_592,0
138_496_592,0
138_512_592,0
138_528_592,0
138_544_592,0
138_560_592,0
138_576_592,0
138_592_592,0
076_0_592,0
076_16_592,0
076_32_592,0
076_48_592,0
076_64_592,0
076_80_592,0
076_96_592,0
076_112_592,0
076_128_592,0
076_144_592,0
076_160_592,0
076_176_592,0
076_192_592,0
076_208_592,0
076_224_592,0
076_240_592,0
076_256_592,0
076_272_592,0
076_288_592,0
076_304_592,0
076_320_592,0
076_336_592,0
076_352_592,0
076_368_592,0
076_384_592,0
076_400_592,0
076_416_592,0
076_432_592,0
076_448_592,0
076_464_592,0
076_480_592,0
076_496_592,0
076_512_592,0
076_528_592,0
076_544_592,0
076_560_592,0
076_576_592,0
076_592_592,0
105_0_592,0
105_16_592,0
105_32_592,0
105_48_592,0
105_64_592,0
105_80_592,0
105_96_592,0
105_112_592,0
105_128_592,0
105_144_592,0
105_160_592,0
105_176_592,0
105_192_592,0
105_208_592,0
105_224_592,0
105_240_592,0
105_256_592,0
105_272_592,0
105_288_592,0
105_304_592,0
105_320_592,0
105_336_592,0
105_352_592,0
105_368_592,0
105_384_592,0
105_400_592,0
105_416_592,0
105_432_592,0
105_448_592,0
105_464_592,0
105_480_592,0
105_496_592,0
105_512_592,0
105_528_592,0
105_544_592,0
105_560_592,0
105_576_592,0
105_592_592,0
139_0_592,0
139_16_592,0
139_32_592,0
139_48_592,0
139_64_592,0
139_80_592,0
139_96_592,0
139_112_592,0
139_128_592,0
139_144_592,0
139_160_592,0
139_176_592,0
139_192_592,0
139_208_592,0
139_224_592,0
139_240_592,0
139_256_592,0
139_272_592,0
139_288_592,0
139_304_592,0
139_320_592,0
139_336_592,0
139_352_592,0
139_368_592,0
139_384_592,0
139_400_592,0
139_416_592,0
139_432_592,0
139_448_592,0
139_464_592,0
139_480_592,0
139_496_592,0
139_512_592,0
139_528_592,0
139_544_592,0
139_560_592,0
139_576_592,0
139_592_592,0
107_0_592,0
107_16_592,0
107_32_592,0
107_48_592,0
107_64_592,0
107_80_592,0
107_96_592,0
107_112_592,0
107_128_592,0
107_144_592,0
107_160_592,0
107_176_592,0
107_192_592,0
107_208_592,0
107_224_592,0
107_240_592,0
107_256_592,0
107_272_592,0
107_288_592,0
107_304_592,0
107_320_592,0
107_336_592,0
107_352_592,0
107_368_592,0
107_384_592,0
107_400_592,0
107_416_592,0
107_432_592,0
107_448_592,0
107_464_592,0
107_480_592,0
107_496_592,0
107_512_592,0
107_528_592,0
107_544_592,0
107_560_592,0
107_576_592,0
107_592_592,0
049_0_592,0
049_16_592,0
049_32_592,0
049_48_592,0
049_64_592,0
049_80_592,0
049_96_592,0
049_112_592,0
049_128_592,0
049_144_592,0
049_160_592,0
049_176_592,0
049_192_592,0
049_208_592,0
049_224_592,0
049_240_592,0
049_256_592,0
049_272_592,0
049_288_592,0
049_304_592,0
049_320_592,0
049_336_592,0
049_352_592,0
049_368_592,0
049_384_592,0
049_400_592,0
049_416_592,0
049_432_592,0
049_448_592,0
049_464_592,0
049_480_592,0
049_496_592,0
049_512_592,0
049_528_592,0
049_544_592,0
049_560_592,0
049_576_592,0
049_592_592,0
061_0_592,0
061_16_592,0
061_32_592,0
061_48_592,0
061_64_592,0
061_80_592,0
061_96_592,0
061_112_592,0
061_128_592,0
061_144_592,0
061_160_592,0
061_176_592,0
061_192_592,0
061_208_592,0
061_224_592,0
061_240_592,0
061_256_592,0
061_272_592,0
061_288_592,0
061_304_592,0
061_320_592,0
061_336_592,0
061_352_592,0
061_368_592,0
061_384_592,0
061_400_592,0
061_416_592,0
061_432_592,0
061_448_592,0
061_464_592,0
061_480_592,0
061_496_592,0
061_512_592,0
061_528_592,0
061_544_592,0
061_560_592,0
061_576_592,0
061_592_592,0
106_0_592,0
106_16_592,0
106_32_592,0
106_48_592,0
106_64_592,0
106_80_592,0
106_96_592,0
106_112_592,0
106_128_592,0
106_144_592,0
106_160_592,0
106_176_592,0
106_192_592,0
106_208_592,0
106_224_592,0
106_240_592,0
106_256_592,0
106_272_592,0
106_288_592,0
106_304_592,0
106_320_592,0
106_336_592,0
106_352_592,0
106_368_592,0
106_384_592,0
106_400_592,0
106_416_592,0
106_432_592,0
106_448_592,0
106_464_592,0
106_480_592,0
106_496_592,0
106_512_592,0
106_528_592,0
106_544_592,0
106_560_592,0
106_576_592,0
106_592_592,0
116_0_592,0
116_16_592,0
116_32_592,0
116_48_592,0
116_64_592,0
116_80_592,0
116_96_592,0
116_112_592,0
116_128_592,0
116_144_592,0
116_160_592,0
116_176_592,0
116_192_592,0
116_208_592,0
116_224_592,0
116_240_592,0
116_256_592,0
116_272_592,0
116_288_592,0
116_304_592,0
116_320_592,0
116_336_592,0
116_352_592,0
116_368_592,0
116_384_592,0
116_400_592,0
116_416_592,0
116_432_592,0
116_448_592,0
116_464_592,0
116_480_592,0
116_496_592,0
116_512_592,0
116_528_592,0
116_544_592,0
116_560_592,0
116_576_592,0
116_592_592,0
065_0_592,0
065_16_592,0
065_32_592,0
065_48_592,0
065_64_592,0
065_80_592,0
065_96_592,0
065_112_592,0
065_128_592,0
065_144_592,0
065_160_592,0
065_176_592,0
065_192_592,0
065_208_592,0
065_224_592,0
065_240_592,0
065_256_592,0
065_272_592,0
065_288_592,0
065_304_592,0
065_320_592,0
065_336_592,0
065_352_592,0
065_368_592,0
065_384_592,0
065_400_592,0
065_416_592,0
065_432_592,0
065_448_592,0
065_464_592,0
065_480_592,0
065_496_592,0
065_512_592,0
065_528_592,0
065_544_592,0
065_560_592,0
065_576_592,0
065_592_592,0
064_0_592,0
064_16_592,0
064_32_592,0
064_48_592,0
064_64_592,0
064_80_592,0
064_96_592,0
064_112_592,0
064_128_592,0
064_144_592,0
064_160_592,0
064_176_592,0
064_192_592,0
064_208_592,0
064_224_592,0
064_240_592,0
064_256_592,0
064_272_592,0
064_288_592,0
064_304_592,0
064_320_592,0
064_336_592,0
064_352_592,0
064_368_592,0
064_384_592,0
064_400_592,0
064_416_592,0
064_432_592,0
064_448_592,0
064_464_592,0
064_480_592,0
064_496_592,0
064_512_592,0
064_528_592,0
064_544_592,0
064_560_592,0
064_576_592,0
064_592_592,0
115_0_592,0
115_16_592,0
115_32_592,0
115_48_592,0
115_64_592,0
115_80_592,0
115_96_592,0
115_112_592,0
115_128_592,0
115_144_592,0
115_160_592,0
115_176_592,0
115_192_592,0
115_208_592,0
115_224_592,0
115_240_592,0
115_256_592,0
115_272_592,0
115_288_592,0
115_304_592,0
115_320_592,0
115_336_592,0
115_352_592,0
115_368_592,0
115_384_592,0
115_400_592,0
115_416_592,0
115_432_592,0
115_448_592,0
115_464_592,0
115_480_592,0
115_496_592,0
115_512_592,0
115_528_592,0
115_544_592,0
115_560_592,0
115_576_592,0
115_592_592,0
129_0_592,0
129_16_592,0
129_32_592,0
129_48_592,0
129_64_592,0
129_80_592,0
129_96_592,0
129_112_592,0
129_128_592,0
129_144_592,0
129_160_592,0
129_176_592,0
129_192_592,0
129_208_592,0
129_224_592,0
129_240_592,0
129_256_592,0
129_272_592,0
129_288_592,0
129_304_592,0
129_320_592,0
129_336_592,0
129_352_592,0
129_368_592,0
129_384_592,0
129_400_592,0
129_416_592,0
129_432_592,0
129_448_592,0
129_464_592,0
129_480_592,0
129_496_592,0
129_512_592,0
129_528_592,0
129_544_592,0
129_560_592,0
129_576_592,0
129_592_592,0
128_0_592,0
128_16_592,0
128_32_592,0
128_48_592,0
128_64_592,0
128_80_592,0
128_96_592,0
128_112_592,0
128_128_592,0
128_144_592,0
128_160_592,0
128_176_592,0
128_192_592,0
128_208_592,0
128_224_592,0
128_240_592,0
128_256_592,0
128_272_592,0
128_288_592,0
128_304_592,0
128_320_592,0
128_336_592,0
128_352_592,0
128_368_592,0
128_384_592,0
128_400_592,0
128_416_592,0
128_432_592,0
128_448_592,0
128_464_592,0
128_480_592,0
128_496_592,0
128_512_592,0
128_528_592,0
128_544_592,0
128_560_592,0
128_576_592,0
128_592_592,0
131_0_592,0
131_16_592,0
131_32_592,0
131_48_592,0
131_64_592,0
131_80_592,0
131_96_592,0
131_112_592,0
131_128_592,0
131_144_592,0
131_160_592,0
131_176_592,0
131_192_592,0
131_208_592,0
131_224_592,0
131_240_592,0
131_256_592,0
131_272_592,0
131_288_592,0
131_304_592,0
131_320_592,0
131_336_592,0
131_352_592,0
131_368_592,0
131_384_592,0
131_400_592,0
131_416_592,0
131_432_592,0
131_448_592,0
131_464_592,0
131_480_592,0
131_496_592,0
131_512_592,0
131_528_592,0
131_544_592,0
131_560_592,0
131_576_592,0
131_592_592,0
124_0_592,0
124_16_592,0
124_32_592,0
124_48_592,0
124_64_592,0
124_80_592,0
124_96_592,0
124_112_592,0
124_128_592,0
124_144_592,0
124_160_592,0
124_176_592,0
124_192_592,0
124_208_592,0
124_224_592,0
124_240_592,0
124_256_592,0
124_272_592,0
124_288_592,0
124_304_592,0
124_320_592,0
124_336_592,0
124_352_592,0
124_368_592,0
124_384_592,0
124_400_592,0
124_416_592,0
124_432_592,0
124_448_592,0
124_464_592,0
124_480_592,0
124_496_592,0
124_512_592,0
124_528_592,0
124_544_592,0
124_560_592,0
124_576_592,0
124_592_592,0
130_0_592,0
130_16_592,0
130_32_592,0
130_48_592,0
130_64_592,0
130_80_592,0
130_96_592,0
130_112_592,0
130_128_592,0
130_144_592,0
130_160_592,0
130_176_592,0
130_192_592,0
130_208_592,0
130_224_592,0
130_240_592,0
130_256_592,0
130_272_592,0
130_288_592,0
130_304_592,0
130_320_592,0
130_336_592,0
130_352_592,0
130_368_592,0
130_384_592,0
130_400_592,0
130_416_592,0
130_432_592,0
130_448_592,0
130_464_592,0
130_480_592,0
130_496_592,0
130_512_592,0
130_528_592,0
130_544_592,0
130_560_592,0
130_576_592,0
130_592_592,0
080_0_592,0
080_16_592,0
080_32_592,0
080_48_592,0
080_64_592,0
080_80_592,0
080_96_592,0
080_112_592,0
080_128_592,0
080_144_592,0
080_160_592,0
080_176_592,0
080_192_592,0
080_208_592,0
080_224_592,0
080_240_592,0
080_256_592,0
080_272_592,0
080_288_592,0
080_304_592,0
080_320_592,0
080_336_592,0
080_352_592,0
080_368_592,0
080_384_592,0
080_400_592,0
080_416_592,0
080_432_592,0
080_448_592,0
080_464_592,0
080_480_592,0
080_496_592,0
080_512_592,0
080_528_592,0
080_544_592,0
080_560_592,0
080_576_592,0
080_592_592,0
041_0_592,0
041_16_592,0
041_32_592,0
041_48_592,0
041_64_592,0
041_80_592,0
041_96_592,0
041_112_592,0
041_128_592,0
041_144_592,0
041_160_592,0
041_176_592,0
041_192_592,0
041_208_592,0
041_224_592,0
041_240_592,0
041_256_592,0
041_272_592,0
041_288_592,0
041_304_592,0
041_320_592,0
041_336_592,0
041_352_592,0
041_368_592,0
041_384_592,0
041_400_592,0
041_416_592,0
041_432_592,0
041_448_592,0
041_464_592,0
041_480_592,0
041_496_592,0
041_512_592,0
041_528_592,0
041_544_592,0
041_560_592,0
041_576_592,0
041_592_592,0
069_0_592,0
069_16_592,0
069_32_592,0
069_48_592,0
069_64_592,0
069_80_592,0
069_96_592,0
069_112_592,0
069_128_592,0
069_144_592,0
069_160_592,0
069_176_592,0
069_192_592,0
069_208_592,0
069_224_592,0
069_240_592,0
069_256_592,0
069_272_592,0
069_288_592,0
069_304_592,0
069_320_592,0
069_336_592,0
069_352_592,0
069_368_592,0
069_384_592,0
069_400_592,0
069_416_592,0
069_432_592,0
069_448_592,0
069_464_592,0
069_480_592,0
069_496_592,0
069_512_592,0
069_528_592,0
069_544_592,0
069_560_592,0
069_576_592,0
069_592_592,0
054_0_592,0
054_16_592,0
054_32_592,0
054_48_592,0
054_64_592,0
054_80_592,0
054_96_592,0
054_112_592,0
054_128_592,0
054_144_592,0
054_160_592,0
054_176_592,0
054_192_592,0
054_208_592,0
054_224_592,0
054_240_592,0
054_256_592,0
054_272_592,0
054_288_592,0
054_304_592,0
054_320_592,0
054_336_592,0
054_352_592,0
054_368_592,0
054_384_592,0
054_400_592,0
054_416_592,0
054_432_592,0
054_448_592,0
054_464_592,0
054_480_592,0
054_496_592,0
054_512_592,0
054_528_592,0
054_544_592,0
054_560_592,0
054_576_592,0
054_592_592,0
040_0_592,0
040_16_592,0
040_32_592,0
040_48_592,0
040_64_592,0
040_80_592,0
040_96_592,0
040_112_592,0
040_128_592,0
040_144_592,0
040_160_592,0
040_176_592,0
040_192_592,0
040_208_592,0
040_224_592,0
040_240_592,0
040_256_592,0
040_272_592,0
040_288_592,0
040_304_592,0
040_320_592,0
040_336_592,0
040_352_592,0
040_368_592,0
040_384_592,0
040_400_592,0
040_416_592,0
040_432_592,0
040_448_592,0
040_464_592,0
040_480_592,0
040_496_592,0
040_512_592,0
040_528_592,0
040_544_592,0
040_560_592,0
040_576_592,0
040_592_592,0
123_0_592,0
123_16_592,0
123_32_592,0
123_48_592,0
123_64_592,0
123_80_592,0
123_96_592,0
123_112_592,0
123_128_592,0
123_144_592,0
123_160_592,0
123_176_592,0
123_192_592,0
123_208_592,0
123_224_592,0
123_240_592,0
123_256_592,0
123_272_592,0
123_288_592,0
123_304_592,0
123_320_592,0
123_336_592,0
123_352_592,0
123_368_592,0
123_384_592,0
123_400_592,0
123_416_592,0
123_432_592,0
123_448_592,0
123_464_592,0
123_480_592,0
123_496_592,0
123_512_592,0
123_528_592,0
123_544_592,0
123_560_592,0
123_576_592,0
123_592_592,0
137_0_592,0
137_16_592,0
137_32_592,0
137_48_592,0
137_64_592,0
137_80_592,0
137_96_592,0
137_112_592,0
137_128_592,0
137_144_592,0
137_160_592,0
137_176_592,0
137_192_592,0
137_208_592,0
137_224_592,0
137_240_592,0
137_256_592,0
137_272_592,0
137_288_592,0
137_304_592,0
137_320_592,0
137_336_592,0
137_352_592,0
137_368_592,0
137_384_592,0
137_400_592,0
137_416_592,0
137_432_592,0
137_448_592,0
137_464_592,0
137_480_592,0
137_496_592,0
137_512_592,0
137_528_592,0
137_544_592,0
137_560_592,0
137_576_592,0
137_592_592,0
093_0_592,0
093_16_592,0
093_32_592,0
093_48_592,0
093_64_592,0
093_80_592,0
093_96_592,0
093_112_592,0
093_128_592,0
093_144_592,0
093_160_592,0
093_176_592,0
093_192_592,0
093_208_592,0
093_224_592,0
093_240_592,0
093_256_592,0
093_272_592,0
093_288_592,0
093_304_592,0
093_320_592,0
093_336_592,0
093_352_592,0
093_368_592,0
093_384_592,0
093_400_592,0
093_416_592,0
093_432_592,0
093_448_592,0
093_464_592,0
093_480_592,0
093_496_592,0
093_512_592,0
093_528_592,0
093_544_592,0
093_560_592,0
093_576_592,0
093_592_592,0
050_0_592,0
050_16_592,0
050_32_592,0
050_48_592,0
050_64_592,0
050_80_592,0
050_96_592,0
050_112_592,0
050_128_592,0
050_144_592,0
050_160_592,0
050_176_592,0
050_192_592,0
050_208_592,0
050_224_592,0
050_240_592,0
050_256_592,0
050_272_592,0
050_288_592,0
050_304_592,0
050_320_592,0
050_336_592,0
050_352_592,0
050_368_592,0
050_384_592,0
050_400_592,0
050_416_592,0
050_432_592,0
050_448_592,0
050_464_592,0
050_480_592,0
050_496_592,0
050_512_592,0
050_528_592,0
050_544_592,0
050_560_592,0
050_576_592,0
050_592_592,0
051_0_592,0
051_16_592,0
051_32_592,0
051_48_592,0
051_64_592,0
051_80_592,0
051_96_592,0
051_112_592,0
051_128_592,0
051_144_592,0
051_160_592,0
051_176_592,0
051_192_592,0
051_208_592,0
051_224_592,0
051_240_592,0
051_256_592,0
051_272_592,0
051_288_592,0
051_304_592,0
051_320_592,0
051_336_592,0
051_352_592,0
051_368_592,0
051_384_592,0
051_400_592,0
051_416_592,0
051_432_592,0
051_448_592,0
051_464_592,0
051_480_592,0
051_496_592,0
051_512_592,0
051_528_592,0
051_544_592,0
051_560_592,0
051_576_592,0
051_592_592,0
079_0_592,0
079_16_592,0
079_32_592,0
079_48_592,0
079_64_592,0
079_80_592,0
079_96_592,0
079_112_592,0
079_128_592,0
079_144_592,0
079_160_592,0
079_176_592,0
079_192_592,0
079_208_592,0
079_224_592,0
079_240_592,0
079_256_592,0
079_272_592,0
079_288_592,0
079_304_592,0
079_320_592,0
079_336_592,0
079_352_592,0
079_368_592,0
079_384_592,0
079_400_592,0
079_416_592,0
079_432_592,0
079_448_592,0
079_464_592,0
079_480_592,0
079_496_592,0
079_512_592,0
079_528_592,0
079_544_592,0
079_560_592,0
079_576_592,0
079_592_592,0
092_0_592,0
092_16_592,0
092_32_592,0
092_48_592,0
092_64_592,0
092_80_592,0
092_96_592,0
092_112_592,0
092_128_592,0
092_144_592,0
092_160_592,0
092_176_592,0
092_192_592,0
092_208_592,0
092_224_592,0
092_240_592,0
092_256_592,0
092_272_592,0
092_288_592,0
092_304_592,0
092_320_592,0
092_336_592,0
092_352_592,0
092_368_592,0
092_384_592,0
092_400_592,0
092_416_592,0
092_432_592,0
092_448_592,0
092_464_592,0
092_480_592,0
092_496_592,0
092_512_592,0
092_528_592,0
092_544_592,0
092_560_592,0
092_576_592,0
092_592_592,0
136_0_592,0
136_16_592,0
136_32_592,0
136_48_592,0
136_64_592,0
136_80_592,0
136_96_592,0
136_112_592,0
136_128_592,0
136_144_592,0
136_160_592,0
136_176_592,0
136_192_592,0
136_208_592,0
136_224_592,0
136_240_592,0
136_256_592,0
136_272_592,0
136_288_592,0
136_304_592,0
136_320_592,0
136_336_592,0
136_352_592,0
136_368_592,0
136_384_592,0
136_400_592,0
136_416_592,0
136_432_592,0
136_448_592,0
136_464_592,0
136_480_592,0
136_496_592,0
136_512_592,0
136_528_592,0
136_544_592,0
136_560_592,0
136_576_592,0
136_592_592,0
122_0_592,0
122_16_592,0
122_32_592,0
122_48_592,0
122_64_592,0
122_80_592,0
122_96_592,0
122_112_592,0
122_128_592,0
122_144_592,0
122_160_592,0
122_176_592,0
122_192_592,0
122_208_592,0
122_224_592,0
122_240_592,0
122_256_592,0
122_272_592,0
122_288_592,0
122_304_592,0
122_320_592,0
122_336_592,0
122_352_592,0
122_368_592,0
122_384_592,0
122_400_592,0
122_416_592,0
122_432_592,0
122_448_592,0
122_464_592,0
122_480_592,0
122_496_592,0
122_512_592,0
122_528_592,0
122_544_592,0
122_560_592,0
122_576_592,0
122_592_592,0
108_0_592,0
108_16_592,0
108_32_592,0
108_48_592,0
108_64_592,0
108_80_592,0
108_96_592,0
108_112_592,0
108_128_592,0
108_144_592,0
108_160_592,0
108_176_592,0
108_192_592,0
108_208_592,0
108_224_592,0
108_240_592,0
108_256_592,0
108_272_592,0
108_288_592,0
108_304_592,0
108_320_592,0
108_336_592,0
108_352_592,0
108_368_592,0
108_384_592,0
108_400_592,0
108_416_592,0
108_432_592,0
108_448_592,0
108_464_592,0
108_480_592,0
108_496_592,0
108_512_592,0
108_528_592,0
108_544_592,0
108_560_592,0
108_576_592,0
108_592_592,0
090_0_592,0
090_16_592,0
090_32_592,0
090_48_592,0
090_64_592,0
090_80_592,0
090_96_592,0
090_112_592,0
090_128_592,0
090_144_592,0
090_160_592,0
090_176_592,0
090_192_592,0
090_208_592,0
090_224_592,0
090_240_592,0
090_256_592,0
090_272_592,0
090_288_592,0
090_304_592,0
090_320_592,0
090_336_592,0
090_352_592,0
090_368_592,0
090_384_592,0
090_400_592,0
090_416_592,0
090_432_592,0
090_448_592,0
090_464_592,0
090_480_592,0
090_496_592,0
090_512_592,0
090_528_592,0
090_544_592,0
090_560_592,0
090_576_592,0
090_592_592,0
121_0_592,0
121_16_592,0
121_32_592,0
121_48_592,0
121_64_592,0
121_80_592,0
121_96_592,0
121_112_592,0
121_128_592,0
121_144_592,0
121_160_592,0
121_176_592,0
121_192_592,0
121_208_592,0
121_224_592,0
121_240_592,0
121_256_592,0
121_272_592,0
121_288_592,0
121_304_592,0
121_320_592,0
121_336_592,0
121_352_592,0
121_368_592,0
121_384_592,0
121_400_592,0
121_416_592,0
121_432_592,0
121_448_592,0
121_464_592,0
121_480_592,0
121_496_592,0
121_512_592,0
121_528_592,0
121_544_592,0
121_560_592,0
121_576_592,0
121_592_592,0
218_0_592,0
218_16_592,0
218_32_592,0
218_48_592,0
218_64_592,0
218_80_592,0
218_96_592,0
218_112_592,0
218_128_592,0
218_144_592,0
218_160_592,0
218_176_592,0
218_192_592,0
218_208_592,0
218_224_592,0
218_240_592,0
218_256_592,0
218_272_592,0
218_288_592,0
218_304_592,0
218_320_592,0
218_336_592,0
218_352_592,0
218_368_592,0
218_384_592,0
218_400_592,0
218_416_592,0
218_432_592,0
218_448_592,0
218_464_592,0
218_480_592,0
218_496_592,0
218_512_592,0
218_528_592,0
218_544_592,0
218_560_592,0
218_576_592,0
218_592_592,0
152_0_592,0
152_16_592,0
152_32_592,0
152_48_592,0
152_64_592,0
152_80_592,0
152_96_592,0
152_112_592,0
152_128_592,0
152_144_592,0
152_160_592,0
152_176_592,0
152_192_592,0
152_208_592,0
152_224_592,0
152_240_592,0
152_256_592,0
152_272_592,0
152_288_592,0
152_304_592,0
152_320_592,0
152_336_592,0
152_352_592,0
152_368_592,0
152_384_592,0
152_400_592,0
152_416_592,0
152_432_592,0
152_448_592,0
152_464_592,0
152_480_592,0
152_496_592,0
152_512_592,0
152_528_592,0
152_544_592,0
152_560_592,0
152_576_592,0
152_592_592,0
021_0_592,0
021_16_592,0
021_32_592,0
021_48_592,0
021_64_592,0
021_80_592,0
021_96_592,0
021_112_592,0
021_128_592,0
021_144_592,0
021_160_592,0
021_176_592,0
021_192_592,0
021_208_592,0
021_224_592,0
021_240_592,0
021_256_592,0
021_272_592,0
021_288_592,0
021_304_592,0
021_320_592,0
021_336_592,0
021_352_592,0
021_368_592,0
021_384_592,0
021_400_592,0
021_416_592,0
021_432_592,0
021_448_592,0
021_464_592,0
021_480_592,0
021_496_592,0
021_512_592,0
021_528_592,0
021_544_592,0
021_560_592,0
021_576_592,0
021_592_592,0
191_0_592,0
191_16_592,0
191_32_592,0
191_48_592,0
191_64_592,0
191_80_592,0
191_96_592,0
191_112_592,0
191_128_592,0
191_144_592,0
191_160_592,0
191_176_592,0
191_192_592,0
191_208_592,0
191_224_592,0
191_240_592,0
191_256_592,0
191_272_592,0
191_288_592,0
191_304_592,0
191_320_592,0
191_336_592,0
191_352_592,0
191_368_592,0
191_384_592,0
191_400_592,0
191_416_592,0
191_432_592,0
191_448_592,0
191_464_592,0
191_480_592,0
191_496_592,0
191_512_592,0
191_528_592,0
191_544_592,0
191_560_592,0
191_576_592,0
191_592_592,0
190_0_592,0
190_16_592,0
190_32_592,0
190_48_592,0
190_64_592,0
190_80_592,0
190_96_592,0
190_112_592,0
190_128_592,0
190_144_592,0
190_160_592,0
190_176_592,0
190_192_592,0
190_208_592,0
190_224_592,0
190_240_592,0
190_256_592,0
190_272_592,0
190_288_592,0
190_304_592,0
190_320_592,0
190_336_592,0
190_352_592,0
190_368_592,0
190_384_592,0
190_400_592,0
190_416_592,0
190_432_592,0
190_448_592,0
190_464_592,0
190_480_592,0
190_496_592,0
190_512_592,0
190_528_592,0
190_544_592,0
190_560_592,0
190_576_592,0
190_592_592,0
153_0_592,0
153_16_592,0
153_32_592,0
153_48_592,0
153_64_592,0
153_80_592,0
153_96_592,0
153_112_592,0
153_128_592,0
153_144_592,0
153_160_592,0
153_176_592,0
153_192_592,0
153_208_592,0
153_224_592,0
153_240_592,0
153_256_592,0
153_272_592,0
153_288_592,0
153_304_592,0
153_320_592,0
153_336_592,0
153_352_592,0
153_368_592,0
153_384_592,0
153_400_592,0
153_416_592,0
153_432_592,0
153_448_592,0
153_464_592,0
153_480_592,0
153_496_592,0
153_512_592,0
153_528_592,0
153_544_592,0
153_560_592,0
153_576_592,0
153_592_592,0
219_0_592,0
219_16_592,0
219_32_592,0
219_48_592,0
219_64_592,0
219_80_592,0
219_96_592,0
219_112_592,0
219_128_592,0
219_144_592,0
219_160_592,0
219_176_592,0
219_192_592,0
219_208_592,0
219_224_592,0
219_240_592,0
219_256_592,0
219_272_592,0
219_288_592,0
219_304_592,0
219_320_592,0
219_336_592,0
219_352_592,0
219_368_592,0
219_384_592,0
219_400_592,0
219_416_592,0
219_432_592,0
219_448_592,0
219_464_592,0
219_480_592,0
219_496_592,0
219_512_592,0
219_528_592,0
219_544_592,0
219_560_592,0
219_576_592,0
219_592_592,0
145_0_592,0
145_16_592,0
145_32_592,0
145_48_592,0
145_64_592,0
145_80_592,0
145_96_592,0
145_112_592,0
145_128_592,0
145_144_592,0
145_160_592,0
145_176_592,0
145_192_592,0
145_208_592,0
145_224_592,0
145_240_592,0
145_256_592,0
145_272_592,0
145_288_592,0
145_304_592,0
145_320_592,0
145_336_592,0
145_352_592,0
145_368_592,0
145_384_592,0
145_400_592,0
145_416_592,0
145_432_592,0
145_448_592,0
145_464_592,0
145_480_592,0
145_496_592,0
145_512_592,0
145_528_592,0
145_544_592,0
145_560_592,0
145_576_592,0
145_592_592,0
151_0_592,0
151_16_592,0
151_32_592,0
151_48_592,0
151_64_592,0
151_80_592,0
151_96_592,0
151_112_592,0
151_128_592,0
151_144_592,0
151_160_592,0
151_176_592,0
151_192_592,0
151_208_592,0
151_224_592,0
151_240_592,0
151_256_592,0
151_272_592,0
151_288_592,0
151_304_592,0
151_320_592,0
151_336_592,0
151_352_592,0
151_368_592,0
151_384_592,0
151_400_592,0
151_416_592,0
151_432_592,0
151_448_592,0
151_464_592,0
151_480_592,0
151_496_592,0
151_512_592,0
151_528_592,0
151_544_592,0
151_560_592,0
151_576_592,0
151_592_592,0
036_0_592,0
036_16_592,0
036_32_592,0
036_48_592,0
036_64_592,0
036_80_592,0
036_96_592,0
036_112_592,0
036_128_592,0
036_144_592,0
036_160_592,0
036_176_592,0
036_192_592,0
036_208_592,0
036_224_592,0
036_240_592,0
036_256_592,0
036_272_592,0
036_288_592,0
036_304_592,0
036_320_592,0
036_336_592,0
036_352_592,0
036_368_592,0
036_384_592,0
036_400_592,0
036_416_592,0
036_432_592,0
036_448_592,0
036_464_592,0
036_480_592,0
036_496_592,0
036_512_592,0
036_528_592,0
036_544_592,0
036_560_592,0
036_576_592,0
036_592_592,0
186_0_592,0
186_16_592,0
186_32_592,0
186_48_592,0
186_64_592,0
186_80_592,0
186_96_592,0
186_112_592,0
186_128_592,0
186_144_592,0
186_160_592,0
186_176_592,0
186_192_592,0
186_208_592,0
186_224_592,0
186_240_592,0
186_256_592,0
186_272_592,0
186_288_592,0
186_304_592,0
186_320_592,0
186_336_592,0
186_352_592,0
186_368_592,0
186_384_592,0
186_400_592,0
186_416_592,0
186_432_592,0
186_448_592,0
186_464_592,0
186_480_592,0
186_496_592,0
186_512_592,0
186_528_592,0
186_544_592,0
186_560_592,0
186_576_592,0
186_592_592,0
192_0_592,0
192_16_592,0
192_32_592,0
192_48_592,0
192_64_592,0
192_80_592,0
192_96_592,0
192_112_592,0
192_128_592,0
192_144_592,0
192_160_592,0
192_176_592,0
192_192_592,0
192_208_592,0
192_224_592,0
192_240_592,0
192_256_592,0
192_272_592,0
192_288_592,0
192_304_592,0
192_320_592,0
192_336_592,0
192_352_592,0
192_368_592,0
192_384_592,0
192_400_592,0
192_416_592,0
192_432_592,0
192_448_592,0
192_464_592,0
192_480_592,0
192_496_592,0
192_512_592,0
192_528_592,0
192_544_592,0
192_560_592,0
192_576_592,0
192_592_592,0
187_0_592,0
187_16_592,0
187_32_592,0
187_48_592,0
187_64_592,0
187_80_592,0
187_96_592,0
187_112_592,0
187_128_592,0
187_144_592,0
187_160_592,0
187_176_592,0
187_192_592,0
187_208_592,0
187_224_592,0
187_240_592,0
187_256_592,0
187_272_592,0
187_288_592,0
187_304_592,0
187_320_592,0
187_336_592,0
187_352_592,0
187_368_592,0
187_384_592,0
187_400_592,0
187_416_592,0
187_432_592,0
187_448_592,0
187_464_592,0
187_480_592,0
187_496_592,0
187_512_592,0
187_528_592,0
187_544_592,0
187_560_592,0
187_576_592,0
187_592_592,0
023_0_592,0
023_16_592,0
023_32_592,0
023_48_592,0
023_64_592,0
023_80_592,0
023_96_592,0
023_112_592,0
023_128_592,0
023_144_592,0
023_160_592,0
023_176_592,0
023_192_592,0
023_208_592,0
023_224_592,0
023_240_592,0
023_256_592,0
023_272_592,0
023_288_592,0
023_304_592,0
023_320_592,0
023_336_592,0
023_352_592,0
023_368_592,0
023_384_592,0
023_400_592,0
023_416_592,0
023_432_592,0
023_448_592,0
023_464_592,0
023_480_592,0
023_496_592,0
023_512_592,0
023_528_592,0
023_544_592,0
023_560_592,0
023_576_592,0
023_592_592,0
144_0_592,0
144_16_592,0
144_32_592,0
144_48_592,0
144_64_592,0
144_80_592,0
144_96_592,0
144_112_592,0
144_128_592,0
144_144_592,0
144_160_592,0
144_176_592,0
144_192_592,0
144_208_592,0
144_224_592,0
144_240_592,0
144_256_592,0
144_272_592,0
144_288_592,0
144_304_592,0
144_320_592,0
144_336_592,0
144_352_592,0
144_368_592,0
144_384_592,0
144_400_592,0
144_416_592,0
144_432_592,0
144_448_592,0
144_464_592,0
144_480_592,0
144_496_592,0
144_512_592,0
144_528_592,0
144_544_592,0
144_560_592,0
144_576_592,0
144_592_592,0
222_0_592,0
222_16_592,0
222_32_592,0
222_48_592,0
222_64_592,0
222_80_592,0
222_96_592,0
222_112_592,0
222_128_592,0
222_144_592,0
222_160_592,0
222_176_592,0
222_192_592,0
222_208_592,0
222_224_592,0
222_240_592,0
222_256_592,0
222_272_592,0
222_288_592,0
222_304_592,0
222_320_592,0
222_336_592,0
222_352_592,0
222_368_592,0
222_384_592,0
222_400_592,0
222_416_592,0
222_432_592,0
222_448_592,0
222_464_592,0
222_480_592,0
222_496_592,0
222_512_592,0
222_528_592,0
222_544_592,0
222_560_592,0
222_576_592,0
222_592_592,0
140_0_592,0
140_16_592,0
140_32_592,0
140_48_592,0
140_64_592,0
140_80_592,0
140_96_592,0
140_112_592,0
140_128_592,0
140_144_592,0
140_160_592,0
140_176_592,0
140_192_592,0
140_208_592,0
140_224_592,0
140_240_592,0
140_256_592,0
140_272_592,0
140_288_592,0
140_304_592,0
140_320_592,0
140_336_592,0
140_352_592,0
140_368_592,0
140_384_592,0
140_400_592,0
140_416_592,0
140_432_592,0
140_448_592,0
140_464_592,0
140_480_592,0
140_496_592,0
140_512_592,0
140_528_592,0
140_544_592,0
140_560_592,0
140_576_592,0
140_592_592,0
154_0_592,0
154_16_592,0
154_32_592,0
154_48_592,0
154_64_592,0
154_80_592,0
154_96_592,0
154_112_592,0
154_128_592,0
154_144_592,0
154_160_592,0
154_176_592,0
154_192_592,0
154_208_592,0
154_224_592,0
154_240_592,0
154_256_592,0
154_272_592,0
154_288_592,0
154_304_592,0
154_320_592,0
154_336_592,0
154_352_592,0
154_368_592,0
154_384_592,0
154_400_592,0
154_416_592,0
154_432_592,0
154_448_592,0
154_464_592,0
154_480_592,0
154_496_592,0
154_512_592,0
154_528_592,0
154_544_592,0
154_560_592,0
154_576_592,0
154_592_592,0
168_0_592,0
168_16_592,0
168_32_592,0
168_48_592,0
168_64_592,0
168_80_592,0
168_96_592,0
168_112_592,0
168_128_592,0
168_144_592,0
168_160_592,0
168_176_592,0
168_192_592,0
168_208_592,0
168_224_592,0
168_240_592,0
168_256_592,0
168_272_592,0
168_288_592,0
168_304_592,0
168_320_592,0
168_336_592,0
168_352_592,0
168_368_592,0
168_384_592,0
168_400_592,0
168_416_592,0
168_432_592,0
168_448_592,0
168_464_592,0
168_480_592,0
168_496_592,0
168_512_592,0
168_528_592,0
168_544_592,0
168_560_592,0
168_576_592,0
168_592_592,0
027_0_592,0
027_16_592,0
027_32_592,0
027_48_592,0
027_64_592,0
027_80_592,0
027_96_592,0
027_112_592,0
027_128_592,0
027_144_592,0
027_160_592,0
027_176_592,0
027_192_592,0
027_208_592,0
027_224_592,0
027_240_592,0
027_256_592,0
027_272_592,0
027_288_592,0
027_304_592,0
027_320_592,0
027_336_592,0
027_352_592,0
027_368_592,0
027_384_592,0
027_400_592,0
027_416_592,0
027_432_592,0
027_448_592,0
027_464_592,0
027_480_592,0
027_496_592,0
027_512_592,0
027_528_592,0
027_544_592,0
027_560_592,0
027_576_592,0
027_592_592,0
026_0_592,0
026_16_592,0
026_32_592,0
026_48_592,0
026_64_592,0
026_80_592,0
026_96_592,0
026_112_592,0
026_128_592,0
026_144_592,0
026_160_592,0
026_176_592,0
026_192_592,0
026_208_592,0
026_224_592,0
026_240_592,0
026_256_592,0
026_272_592,0
026_288_592,0
026_304_592,0
026_320_592,0
026_336_592,0
026_352_592,0
026_368_592,0
026_384_592,0
026_400_592,0
026_416_592,0
026_432_592,0
026_448_592,0
026_464_592,0
026_480_592,0
026_496_592,0
026_512_592,0
026_528_592,0
026_544_592,0
026_560_592,0
026_576_592,0
026_592_592,0
196_0_592,0
196_16_592,0
196_32_592,0
196_48_592,0
196_64_592,0
196_80_592,0
196_96_592,0
196_112_592,0
196_128_592,0
196_144_592,0
196_160_592,0
196_176_592,0
196_192_592,0
196_208_592,0
196_224_592,0
196_240_592,0
196_256_592,0
196_272_592,0
196_288_592,0
196_304_592,0
196_320_592,0
196_336_592,0
196_352_592,0
196_368_592,0
196_384_592,0
196_400_592,0
196_416_592,0
196_432_592,0
196_448_592,0
196_464_592,0
196_480_592,0
196_496_592,0
196_512_592,0
196_528_592,0
196_544_592,0
196_560_592,0
196_576_592,0
196_592_592,0
169_0_592,0
169_16_592,0
169_32_592,0
169_48_592,0
169_64_592,0
169_80_592,0
169_96_592,0
169_112_592,0
169_128_592,0
169_144_592,0
169_160_592,0
169_176_592,0
169_192_592,0
169_208_592,0
169_224_592,0
169_240_592,0
169_256_592,0
169_272_592,0
169_288_592,0
169_304_592,0
169_320_592,0
169_336_592,0
169_352_592,0
169_368_592,0
169_384_592,0
169_400_592,0
169_416_592,0
169_432_592,0
169_448_592,0
169_464_592,0
169_480_592,0
169_496_592,0
169_512_592,0
169_528_592,0
169_544_592,0
169_560_592,0
169_576_592,0
169_592_592,0
155_0_592,0
155_16_592,0
155_32_592,0
155_48_592,0
155_64_592,0
155_80_592,0
155_96_592,0
155_112_592,0
155_128_592,0
155_144_592,0
155_160_592,0
155_176_592,0
155_192_592,0
155_208_592,0
155_224_592,0
155_240_592,0
155_256_592,0
155_272_592,0
155_288_592,0
155_304_592,0
155_320_592,0
155_336_592,0
155_352_592,0
155_368_592,0
155_384_592,0
155_400_592,0
155_416_592,0
155_432_592,0
155_448_592,0
155_464_592,0
155_480_592,0
155_496_592,0
155_512_592,0
155_528_592,0
155_544_592,0
155_560_592,0
155_576_592,0
155_592_592,0
223_0_592,0
223_16_592,0
223_32_592,0
223_48_592,0
223_64_592,0
223_80_592,0
223_96_592,0
223_112_592,0
223_128_592,0
223_144_592,0
223_160_592,0
223_176_592,0
223_192_592,0
223_208_592,0
223_224_592,0
223_240_592,0
223_256_592,0
223_272_592,0
223_288_592,0
223_304_592,0
223_320_592,0
223_336_592,0
223_352_592,0
223_368_592,0
223_384_592,0
223_400_592,0
223_416_592,0
223_432_592,0
223_448_592,0
223_464_592,0
223_480_592,0
223_496_592,0
223_512_592,0
223_528_592,0
223_544_592,0
223_560_592,0
223_576_592,0
223_592_592,0
221_0_592,0
221_16_592,0
221_32_592,0
221_48_592,0
221_64_592,0
221_80_592,0
221_96_592,0
221_112_592,0
221_128_592,0
221_144_592,0
221_160_592,0
221_176_592,0
221_192_592,0
221_208_592,0
221_224_592,0
221_240_592,0
221_256_592,0
221_272_592,0
221_288_592,0
221_304_592,0
221_320_592,0
221_336_592,0
221_352_592,0
221_368_592,0
221_384_592,0
221_400_592,0
221_416_592,0
221_432_592,0
221_448_592,0
221_464_592,0
221_480_592,0
221_496_592,0
221_512_592,0
221_528_592,0
221_544_592,0
221_560_592,0
221_576_592,0
221_592_592,0
157_0_592,0
157_16_592,0
157_32_592,0
157_48_592,0
157_64_592,0
157_80_592,0
157_96_592,0
157_112_592,0
157_128_592,0
157_144_592,0
157_160_592,0
157_176_592,0
157_192_592,0
157_208_592,0
157_224_592,0
157_240_592,0
157_256_592,0
157_272_592,0
157_288_592,0
157_304_592,0
157_320_592,0
157_336_592,0
157_352_592,0
157_368_592,0
157_384_592,0
157_400_592,0
157_416_592,0
157_432_592,0
157_448_592,0
157_464_592,0
157_480_592,0
157_496_592,0
157_512_592,0
157_528_592,0
157_544_592,0
157_560_592,0
157_576_592,0
157_592_592,0
143_0_592,0
143_16_592,0
143_32_592,0
143_48_592,0
143_64_592,0
143_80_592,0
143_96_592,0
143_112_592,0
143_128_592,0
143_144_592,0
143_160_592,0
143_176_592,0
143_192_592,0
143_208_592,0
143_224_592,0
143_240_592,0
143_256_592,0
143_272_592,0
143_288_592,0
143_304_592,0
143_320_592,0
143_336_592,0
143_352_592,0
143_368_592,0
143_384_592,0
143_400_592,0
143_416_592,0
143_432_592,0
143_448_592,0
143_464_592,0
143_480_592,0
143_496_592,0
143_512_592,0
143_528_592,0
143_544_592,0
143_560_592,0
143_576_592,0
143_592_592,0
025_0_592,0
025_16_592,0
025_32_592,0
025_48_592,0
025_64_592,0
025_80_592,0
025_96_592,0
025_112_592,0
025_128_592,0
025_144_592,0
025_160_592,0
025_176_592,0
025_192_592,0
025_208_592,0
025_224_592,0
025_240_592,0
025_256_592,0
025_272_592,0
025_288_592,0
025_304_592,0
025_320_592,0
025_336_592,0
025_352_592,0
025_368_592,0
025_384_592,0
025_400_592,0
025_416_592,0
025_432_592,0
025_448_592,0
025_464_592,0
025_480_592,0
025_496_592,0
025_512_592,0
025_528_592,0
025_544_592,0
025_560_592,0
025_576_592,0
025_592_592,0
142_0_592,0
142_16_592,0
142_32_592,0
142_48_592,0
142_64_592,0
142_80_592,0
142_96_592,0
142_112_592,0
142_128_592,0
142_144_592,0
142_160_592,0
142_176_592,0
142_192_592,0
142_208_592,0
142_224_592,0
142_240_592,0
142_256_592,0
142_272_592,0
142_288_592,0
142_304_592,0
142_320_592,0
142_336_592,0
142_352_592,0
142_368_592,0
142_384_592,0
142_400_592,0
142_416_592,0
142_432_592,0
142_448_592,0
142_464_592,0
142_480_592,0
142_496_592,0
142_512_592,0
142_528_592,0
142_544_592,0
142_560_592,0
142_576_592,0
142_592_592,0
208_0_592,0
208_16_592,0
208_32_592,0
208_48_592,0
208_64_592,0
208_80_592,0
208_96_592,0
208_112_592,0
208_128_592,0
208_144_592,0
208_160_592,0
208_176_592,0
208_192_592,0
208_208_592,0
208_224_592,0
208_240_592,0
208_256_592,0
208_272_592,0
208_288_592,0
208_304_592,0
208_320_592,0
208_336_592,0
208_352_592,0
208_368_592,0
208_384_592,0
208_400_592,0
208_416_592,0
208_432_592,0
208_448_592,0
208_464_592,0
208_480_592,0
208_496_592,0
208_512_592,0
208_528_592,0
208_544_592,0
208_560_592,0
208_576_592,0
208_592_592,0
220_0_592,0
220_16_592,0
220_32_592,0
220_48_592,0
220_64_592,0
220_80_592,0
220_96_592,0
220_112_592,0
220_128_592,0
220_144_592,0
220_160_592,0
220_176_592,0
220_192_592,0
220_208_592,0
220_224_592,0
220_240_592,0
220_256_592,0
220_272_592,0
220_288_592,0
220_304_592,0
220_320_592,0
220_336_592,0
220_352_592,0
220_368_592,0
220_384_592,0
220_400_592,0
220_416_592,0
220_432_592,0
220_448_592,0
220_464_592,0
220_480_592,0
220_496_592,0
220_512_592,0
220_528_592,0
220_544_592,0
220_560_592,0
220_576_592,0
220_592_592,0
007_0_592,0
007_16_592,0
007_32_592,0
007_48_592,0
007_64_592,0
007_80_592,0
007_96_592,0
007_112_592,0
007_128_592,0
007_144_592,0
007_160_592,0
007_176_592,0
007_192_592,0
007_208_592,0
007_224_592,0
007_240_592,0
007_256_592,0
007_272_592,0
007_288_592,0
007_304_592,0
007_320_592,0
007_336_592,0
007_352_592,0
007_368_592,0
007_384_592,0
007_400_592,0
007_416_592,0
007_432_592,0
007_448_592,0
007_464_592,0
007_480_592,0
007_496_592,0
007_512_592,0
007_528_592,0
007_544_592,0
007_560_592,0
007_576_592,0
007_592_592,0
